{
  "schemaVersion": 1,
  "frame": "heliocentric-ecliptic-j2000",
  "samples": [
    {
      "offsetDays": 0,
      "jdTdb": 2461041.5,
      "states": {
        "sun": {
          "positionKm": [
            0.0,
            0.0,
            0.0
          ],
          "velocityKmS": [
            0.0,
            0.0,
            0.0
          ]
        },
        "mercury": {
          "positionKm": [
            -32193656.906761676,
            -61216587.98298459,
            -2049979.9525798373
          ],
          "velocityKmS": [
            33.29912211950883,
            -20.32319326617692,
            -4.715026944319222
          ]
        },
        "venus": {
          "positionKm": [
            13295847.296279332,
            -107974115.5459946,
            -2250558.8303195992
          ],
          "velocityKmS": [
            34.522756353516186,
            4.156129935817114,
            -1.934854181927197
          ]
        },
        "earth": {
          "positionKm": [
            -26072138.448161934,
            144774673.8210197,
            -8892.861905746164
          ],
          "velocityKmS": [
            -29.78893116564825,
            -5.396270536820538,
            0.0004106639513727917
          ]
        },
        "moon": {
          "positionKm": [
            -25927812.720670015,
            145104069.65191534,
            22860.11443745345
          ],
          "velocityKmS": [
            -30.793245303320468,
            -4.9754053280641735,
            0.00599587524917955
          ]
        },
        "mars": {
          "positionKm": [
            50949994.46228143,
            -207492548.24201745,
            -5597537.454939082
          ],
          "velocityKmS": [
            24.447152359481027,
            7.861165862885534,
            -0.43474346126717034
          ]
        },
        "jupiter": {
          "positionKm": [
            -253419345.368912,
            737350305.7947005,
            2606925.500009715
          ],
          "velocityKmS": [
            -12.520041395089608,
            -3.640294521136214,
            0.2951466824685908
          ]
        },
        "saturn": {
          "positionKm": [
            1422278067.1998398,
            38557211.58159365,
            -57286362.61760134
          ],
          "velocityKmS": [
            -0.8022902327476618,
            9.633913344037815,
            -0.1352982130832756
          ]
        },
        "uranus": {
          "positionKm": [
            1478073476.913783,
            2513246041.3954673,
            -9831518.091484904
          ],
          "velocityKmS": [
            -5.932790537281171,
            3.1346491521266295,
            0.08880768290436648
          ]
        },
        "neptune": {
          "positionKm": [
            4468805898.19067,
            77632071.26367633,
            -104579007.57703292
          ],
          "velocityKmS": [
            -0.14188548751189833,
            5.465647406292942,
            -0.10982548458419616
          ]
        }
      }
    },
    {
      "offsetDays": 30,
      "jdTdb": 2461071.5,
      "states": {
        "sun": {
          "positionKm": [
            0.0,
            0.0,
            0.0
          ],
          "velocityKmS": [
            0.0,
            0.0,
            0.0
          ]
        },
        "mercury": {
          "positionKm": [
            52125830.318338476,
            -24953183.62115618,
            -6820113.776428686
          ],
          "velocityKmS": [
            11.513154112535224,
            46.14712365163738,
            2.715304717723274
          ]
        },
        "venus": {
          "positionKm": [
            88503996.62523587,
            -63212334.77432628,
            -5975084.4785926575
          ],
          "velocityKmS": [
            20.137163808270437,
            28.35919971335796,
            -0.7722933257025772
          ]
        },
        "earth": {
          "positionKm": [
            -96199367.3428285,
            111651059.25124428,
            -6480.3240839764485
          ],
          "velocityKmS": [
            -23.03905056282087,
            -19.55253412609747,
            0.001979853193357251
          ]
        },
        "moon": {
          "positionKm": [
            -96294489.47567594,
            112004060.39462245,
            20372.897557228815
          ],
          "velocityKmS": [
            -24.07994210547524,
            -19.812918509796326,
            -0.054421059053418645
          ]
        },
        "mars": {
          "positionKm": [
            110971385.21209437,
            -177839167.63888156,
            -6447930.046320619
          ],
          "velocityKmS": [
            21.473997673104538,
            14.906632869783047,
            -0.21418543746300064
          ]
        },
        "jupiter": {
          "positionKm": [
            -285621798.54526776,
            727229024.8235291,
            3369437.374357463
          ],
          "velocityKmS": [
            -12.323776499762872,
            -4.170735092295257,
            0.2930090473171611
          ]
        },
        "saturn": {
          "positionKm": [
            1419980244.6934385,
            63523444.96233782,
            -57629824.38597359
          ],
          "velocityKmS": [
            -0.9725202212675355,
            9.628001422463456,
            -0.12868317558707346
          ]
        },
        "uranus": {
          "positionKm": [
            1462669629.0705292,
            2521324940.7144966,
            -9601745.301271558
          ],
          "velocityKmS": [
            -5.953066429159901,
            3.0991306779777443,
            0.08879111004288422
          ]
        },
        "neptune": {
          "positionKm": [
            4468416601.712178,
            91799901.61813961,
            -104861966.77409773
          ],
          "velocityKmS": [
            -0.1593945479725469,
            5.464948384076994,
            -0.10899074621719552
          ]
        }
      }
    },
    {
      "offsetDays": 365,
      "jdTdb": 2461406.5,
      "states": {
        "sun": {
          "positionKm": [
            0.0,
            0.0,
            0.0
          ],
          "velocityKmS": [
            0.0,
            0.0,
            0.0
          ]
        },
        "mercury": {
          "positionKm": [
            10268651.802942274,
            -67516118.39601809,
            -6459504.420895401
          ],
          "velocityKmS": [
            38.389203705981444,
            9.821366868005628,
            -2.718258505182938
          ]
        },
        "venus": {
          "positionKm": [
            -83978120.63269746,
            66848369.35158053,
            5764200.45438968
          ],
          "velocityKmS": [
            -21.943565993413483,
            -27.577686576559667,
            0.8871369697009525
          ]
        },
        "earth": {
          "positionKm": [
            -25406150.819977153,
            144895560.96165252,
            -8552.689362190664
          ],
          "velocityKmS": [
            -29.829820448291787,
            -5.247162356128969,
            0.0010354469862918771
          ]
        },
        "moon": {
          "positionKm": [
            -25762017.31894428,
            144735447.92168245,
            -40040.710028104484
          ],
          "velocityKmS": [
            -29.470090158132678,
            -6.179088071034017,
            -0.044058070595994536
          ]
        },
        "mars": {
          "positionKm": [
            -153244611.75009504,
            192714772.19547734,
            7796052.716038899
          ],
          "velocityKmS": [
            -18.050502058748705,
            -13.016967823692122,
            0.16977582778609523
          ]
        },
        "jupiter": {
          "positionKm": [
            -597097625.1625476,
            529628801.08617353,
            11159206.973523676
          ],